2	Gulalek Gulmuradowa	artist-photos/Ky7bU866MvrLlAFRJlHAVc2X9VIlhjBrFPQwUfR2.jpg	0	2026-02-14 20:55:49	2026-02-14 20:55:49
4	Zulfiya	artist-photos/zGCJ60z8ttDpqbmvejRge2DOMaq6AQ2uQEzUTptX.png	0	2026-02-14 21:14:23	2026-02-14 21:14:23
6	Mad Nazarow	artist-photos/xZCK38cppHOdeQRQu0YgbKxbGlR2rqEA0dLu49jJ.jpg	0	2026-02-15 11:28:45	2026-02-15 11:28:45
16	Emin Aura	artist-photos/zDLfj0J1vGAvHJOpQy3QM5o4vCC3AWrJ8CiBMo7c.jpg	0	2026-02-15 14:42:34	2026-02-15 14:42:34
17	DZ-ED	artist-photos/0iQYPW77zPLXEP2Ow4cTbmcVGW119IGHCfpjUhUd.png	1	2026-02-15 14:43:58	2026-03-07 03:27:36
18	Musa Halbayyew	artist-photos/HRONFpEesdJUPQhiPgzRhgAFmlyxj2eYgSFEIrQm.jpg	0	2026-02-15 14:44:16	2026-02-15 14:44:16
19	Meylis Halbayyew	artist-photos/mJUB4J2eHLPqnmrgVfmV69iHsHecKVEFBAX0XlkH.jpg	0	2026-02-15 14:45:34	2026-02-15 14:45:34
20	Meryem Shadurdyyewa	artist-photos/0EI0ZU0rkxYsOMt3lTRVRrYAp6qLENqIL3BLqjQN.jpg	0	2026-02-15 14:46:48	2026-02-15 14:46:48
21	Jeren Halnazarowa	artist-photos/Fu9ViNalXhldnEJX7JCsh3JjyQsNPdL346MqtF99.jpg	0	2026-02-15 15:06:08	2026-02-15 15:06:08
22	TWIST	artist-photos/lD0hfJn06qaYX5nkAw7UjbfSgfGAH3Ni8eHhvimO.png	0	2026-02-15 15:11:24	2026-02-15 15:11:24
